–¢–µ—Å—Ç,–°—Ç–∞—Ç—É—Å,–†–∞–±–æ—Ç–∞–µ—Ç,–ù–µ —Ä–∞–±–æ—Ç–∞–µ—Ç,–ü—Ä–æ–±–ª–µ–º—ã,–ö–æ–º–º–µ–Ω—Ç–∞—Ä–∏–∏
–ó–∞–ø—É—Å–∫ —Å–µ—Ä–≤–µ—Ä–∞,,,,,
–ó–∞–ø—É—Å–∫ –∫–ª–∏–µ–Ω—Ç–∞,üîß –ò–°–ü–†–ê–í–õ–ï–ù–û,–†–∞–±–æ—Ç–∞–µ—Ç,–ò–º–ø–æ—Ä—Ç time –∏—Å–ø—Ä–∞–≤–ª–µ–Ω,–ö–ª–∏–µ–Ω—Ç –∑–∞–ø—É—Å–∫–∞–µ—Ç—Å—è –±–µ–∑ –æ—à–∏–±–æ–∫
–ü–æ–¥–∫–ª—é—á–µ–Ω–∏–µ –∫ —Å–µ—Ä–≤–µ—Ä—É,,,,,
–ü—Ä–æ–±–µ–ª –≤–∫–ª—é—á–∞–µ—Ç –º–∏–∫—Ä–æ—Ñ–æ–Ω,üîß –ò–°–ü–†–ê–í–õ–ï–ù–û,–†–∞–±–æ—Ç–∞–µ—Ç,–ü–æ–ª–Ω–æ—Å—Ç—å—é –∏—Å–ø—Ä–∞–≤–ª–µ–Ω,–ú–≥–Ω–æ–≤–µ–Ω–Ω–∞—è –∞–∫—Ç–∏–≤–∞—Ü–∏—è –≤ –ª—é–±–æ–º —Å–æ—Å—Ç–æ—è–Ω–∏–∏, –ø–æ—Ä–æ–≥ 300ms
–ü—Ä–æ–±–µ–ª –≤—ã–∫–ª—é—á–∞–µ—Ç –º–∏–∫—Ä–æ—Ñ–æ–Ω,,,,,
–ö–æ—Ä–æ—Ç–∫–æ–µ –Ω–∞–∂–∞—Ç–∏–µ –ø—Ä–µ—Ä—ã–≤–∞–µ—Ç —Ä–µ—á—å,üîß –ò–°–ü–†–ê–í–õ–ï–ù–û,–†–∞–±–æ—Ç–∞–µ—Ç,–ü–æ–ª–Ω–æ—Å—Ç—å—é –∏—Å–ø—Ä–∞–≤–ª–µ–Ω,–ü–æ—Ä–æ–≥ 300ms, –º–≥–Ω–æ–≤–µ–Ω–Ω–æ–µ –ø—Ä–µ—Ä—ã–≤–∞–Ω–∏–µ, —É—Å–∫–æ—Ä–µ–Ω–Ω—ã–π —Ü–∏–∫–ª
–ú–∏–∫—Ä–æ—Ñ–æ–Ω –∑–∞–ø–∏—Å—ã–≤–∞–µ—Ç –≥–æ–ª–æ—Å,üîß –ò–°–ü–†–ê–í–õ–ï–ù–û,–†–∞–±–æ—Ç–∞–µ—Ç,STT –∏—Å–ø—Ä–∞–≤–ª–µ–Ω,–ò—Å–ø—Ä–∞–≤–ª–µ–Ω—ã –ø–∞—Ä–∞–º–µ—Ç—Ä—ã –∞—É–¥–∏–æ –∏ –¥–æ–±–∞–≤–ª–µ–Ω–∞ –¥–∏–∞–≥–Ω–æ—Å—Ç–∏–∫–∞
–†–∞—Å–ø–æ–∑–Ω–∞–≤–∞–Ω–∏–µ –∞–Ω–≥–ª–∏–π—Å–∫–æ–≥–æ —è–∑—ã–∫–∞,üîß –ò–°–ü–†–ê–í–õ–ï–ù–û,–†–∞–±–æ—Ç–∞–µ—Ç,STT –∏—Å–ø—Ä–∞–≤–ª–µ–Ω,–û–ø—Ç–∏–º–∏–∑–∏—Ä–æ–≤–∞–Ω—ã –ø–∞—Ä–∞–º–µ—Ç—Ä—ã –¥–ª—è –∞–Ω–≥–ª–∏–π—Å–∫–æ–≥–æ —è–∑—ã–∫–∞
–†–∞—Å–ø–æ–∑–Ω–∞–≤–∞–Ω–∏–µ —Ä—É—Å—Å–∫–æ–≥–æ —è–∑—ã–∫–∞,üîß –ò–°–ü–†–ê–í–õ–ï–ù–û,–†–∞–±–æ—Ç–∞–µ—Ç,STT –∏—Å–ø—Ä–∞–≤–ª–µ–Ω,–û–ø—Ç–∏–º–∏–∑–∏—Ä–æ–≤–∞–Ω—ã –ø–∞—Ä–∞–º–µ—Ç—Ä—ã –¥–ª—è —Ä—É—Å—Å–∫–æ–≥–æ —è–∑—ã–∫–∞
–ê—Å—Å–∏—Å—Ç–µ–Ω—Ç –æ—Ç–≤–µ—á–∞–µ—Ç –≥–æ–ª–æ—Å–æ–º,üîß –ò–°–ü–†–ê–í–õ–ï–ù–û,–†–∞–±–æ—Ç–∞–µ—Ç,–ü—Ä–æ–º–ø—Ç –∏—Å–ø—Ä–∞–≤–ª–µ–Ω,–¢–µ–ø–µ—Ä—å –∞–Ω–∞–ª–∏–∑–∏—Ä—É–µ—Ç —ç–∫—Ä–∞–Ω —Ç–æ–ª—å–∫–æ –∫–æ–≥–¥–∞ –Ω—É–∂–Ω–æ
–ì–æ–ª–æ—Å –Ω–∞ –∞–Ω–≥–ª–∏–π—Å–∫–æ–º –±–µ–∑ –∞–∫—Ü–µ–Ω—Ç–∞,,,,,
–ö–∞—á–µ—Å—Ç–≤–æ –≥–æ–ª–æ—Å–∞ –µ—Å—Ç–µ—Å—Ç–≤–µ–Ω–Ω–æ–µ,,,,,
–ê—É–¥–∏–æ –≤–æ—Å–ø—Ä–æ–∏–∑–≤–æ–¥–∏—Ç—Å—è –±–µ–∑ –∑–∞–¥–µ—Ä–∂–µ–∫,üîß –ò–°–ü–†–ê–í–õ–ï–ù–û,–†–∞–±–æ—Ç–∞–µ—Ç,–ü–æ–ª–Ω–æ—Å—Ç—å—é –∏—Å–ø—Ä–∞–≤–ª–µ–Ω–æ,–£–±—Ä–∞–Ω –±–ª–æ–∫–∏—Ä—É—é—â–∏–π wait_for_queue_empty, –¥–æ–±–∞–≤–ª–µ–Ω —Ñ–æ–Ω–æ–≤—ã–π –º–æ–Ω–∏—Ç–æ—Ä–∏–Ω–≥
–ó–∞—â–∏—Ç–∞ –æ—Ç –∑–∞–≤–∏—Å–∞–Ω–∏—è wait_for_queue_empty,üîß –ò–°–ü–†–ê–í–õ–ï–ù–û,–†–∞–±–æ—Ç–∞–µ—Ç,–ü–æ–ª–Ω–æ—Å—Ç—å—é –∏—Å–ø—Ä–∞–≤–ª–µ–Ω–æ,–£–±—Ä–∞–Ω –±–ª–æ–∫–∏—Ä—É—é—â–∏–π —Ü–∏–∫–ª, –¥–æ–±–∞–≤–ª–µ–Ω —Ñ–æ–Ω–æ–≤—ã–π –º–æ–Ω–∏—Ç–æ—Ä–∏–Ω–≥
–ó–∞—Ö–≤–∞—Ç —ç–∫—Ä–∞–Ω–∞ —Ä–∞–±–æ—Ç–∞–µ—Ç,,,,,
–ê—Å—Å–∏—Å—Ç–µ–Ω—Ç –æ–ø–∏—Å—ã–≤–∞–µ—Ç —ç–∫—Ä–∞–Ω,,,,,
Google –ø–æ–∏—Å–∫ —Ä–∞–±–æ—Ç–∞–µ—Ç,,,,,
–ê—Å—Å–∏—Å—Ç–µ–Ω—Ç –∏—â–µ—Ç –Ω–æ–≤–æ—Å—Ç–∏,,,,,
–ê—Å—Å–∏—Å—Ç–µ–Ω—Ç –∏—â–µ—Ç —Ç–µ—Ö–Ω–∏—á–µ—Å–∫—É—é –∏–Ω—Ñ–æ—Ä–º–∞—Ü–∏—é,,,,,
–°–∏—Å—Ç–µ–º–∞ –ø–∞–º—è—Ç–∏ —Ä–∞–±–æ—Ç–∞–µ—Ç,,,,,
–ê—Å—Å–∏—Å—Ç–µ–Ω—Ç –ø–æ–º–Ω–∏—Ç –ø—Ä–µ–¥—ã–¥—É—â–∏–µ —Ä–∞–∑–≥–æ–≤–æ—Ä—ã,,,,,
–ü—Ä–µ—Ä—ã–≤–∞–Ω–∏–µ —Ä–∞–±–æ—Ç–∞–µ—Ç –º–≥–Ω–æ–≤–µ–Ω–Ω–æ,,,,,
–ü–æ—Å–ª–µ –ø—Ä–µ—Ä—ã–≤–∞–Ω–∏—è –º–æ–∂–Ω–æ –¥–∞—Ç—å –Ω–æ–≤—É—é –∫–æ–º–∞–Ω–¥—É,,,,,
–°–∏—Å—Ç–µ–º–∞ –Ω–µ –∑–∞–≤–∏—Å–∞–µ—Ç,,,,,
–û—Ç–≤–µ—Ç—ã –ø—Ä–∏—Ö–æ–¥—è—Ç –±—ã—Å—Ç—Ä–æ,,,,,
–ö–∞—á–µ—Å—Ç–≤–æ –æ—Ç–≤–µ—Ç–æ–≤ —Ö–æ—Ä–æ—à–µ–µ,,,,,
–ê—Å—Å–∏—Å—Ç–µ–Ω—Ç –¥—Ä—É–∂–µ–ª—é–±–Ω—ã–π,,,,,
–ê—Å—Å–∏—Å—Ç–µ–Ω—Ç –ø–æ–º–æ–≥–∞–µ—Ç —Å–ª–µ–ø—ã–º,,,,,
–ê—Å—Å–∏—Å—Ç–µ–Ω—Ç –ø—Ä–µ–¥—É–ø—Ä–µ–∂–¥–∞–µ—Ç –æ–± –æ–ø–∞—Å–Ω–æ—Å—Ç–∏,,,,,
–í—Å–µ —Ñ—É–Ω–∫—Ü–∏–∏ —Ä–∞–±–æ—Ç–∞—é—Ç —Å—Ç–∞–±–∏–ª—å–Ω–æ,,,,,
